{
  "project_info": {
    "project_number": "1035690159089",
    "firebase_url": "https://imigrafaq.firebaseio.com",
    "project_id": "imigrafaq",
    "storage_bucket": "imigrafaq.appspot.com"
  },
  "client": [
    {
      "client_info": {
        "mobilesdk_app_id": "1:1035690159089:android:7738fe742be9f442",
        "android_client_info": {
          "package_name": "com.example.login"
        }
      },
      "oauth_client": [
        {
          "client_id": "1035690159089-5uh0rqu0d333p4smmqr89g83pfupdcuh.apps.googleusercontent.com",
          "client_type": 1,
          "android_info": {
            "package_name": "com.example.login",
            "certificate_hash": "755393890224ff28d63941ca3c21ff62072aae27"
          }
        },
        {
          "client_id": "1035690159089-q49uhug81238ag1ko01k9i88qbiduikj.apps.googleusercontent.com",
          "client_type": 3
        }
      ],
      "api_key": [
        {
          "current_key": "AIzaSyDLX0Pj0TLUz1WG5rPP7aY65cKDudRkPlE"
        }
      ],
      "services": {
        "appinvite_service": {
          "other_platform_oauth_client": [
            {
              "client_id": "1035690159089-q49uhug81238ag1ko01k9i88qbiduikj.apps.googleusercontent.com",
              "client_type": 3
            }
          ]
        }
      }
    },
    {
      "client_info": {
        "mobilesdk_app_id": "1:1035690159089:android:acc4095ddafa125d",
        "android_client_info": {
          "package_name": "imigra.faq"
        }
      },
      "oauth_client": [
        {
          "client_id": "1035690159089-q49uhug81238ag1ko01k9i88qbiduikj.apps.googleusercontent.com",
          "client_type": 3
        }
      ],
      "api_key": [
        {
          "current_key": "AIzaSyDLX0Pj0TLUz1WG5rPP7aY65cKDudRkPlE"
        }
      ],
      "services": {
        "appinvite_service": {
          "other_platform_oauth_client": [
            {
              "client_id": "1035690159089-q49uhug81238ag1ko01k9i88qbiduikj.apps.googleusercontent.com",
              "client_type": 3
            }
          ]
        }
      }
    }
  ],
  "configuration_version": "1"
}